tag,count(posttags.postid)
java,11670
c#,11315
javascript,11198
php,11072
android,10514
jquery,9250
ios,5946
html,5451
python,5270
c++,4926
mysql,4633
css,4079
sql,3622
asp.net,3601
objective-c,3410
iphone,3393
.net,2932
ruby-on-rails,2882
c,2538
xcode,2015
ruby,1957
regex,1676
ajax,1635
xml,1585
sql-server,1567
arrays,1488
asp.net-mvc,1479
json,1436
database,1422
django,1384
linux,1354
wpf,1284
eclipse,1267
ruby-on-rails-3,1235
html5,1176
facebook,1164
vb.net,1123
asp.net-mvc-3,1094
string,1089
r,1060
windows,1037
wordpress,1013
visual-studio-2010,976
multithreading,928
image,911
spring,877
excel,856
winforms,844
sql-server-2008,831
node.js,828
forms,813
algorithm,793
git,781
entity-framework,774
macos,757
ios6,755
performance,751
oracle,748
swing,731
apache,725
bash,720
ipad,706
linq,678
perl,671
hibernate,646
web-services,646
.htaccess,645
android-layout,633
mongodb,633
jquery-ui,624
css3,613
cordova,597
qt,588
sqlite,587
symfony,586
codeigniter,581
vba,579
wcf,570
magento,560
matlab,553
maven,549
ios5,544
validation,544
list,542
scala,535
actionscript-3,533
uitableview,528
function,521
api,519
postgresql,514
jsp,508
tsql,505
class,492
google-app-engine,492
windows-8,491
c#-4.0,487
jquery-mobile,483
security,481
google-maps,478
internet-explorer,478
xaml,476
twitter-bootstrap,473
file,468
cocoa,466
visual-studio,465
parsing,464
shell,460
facebook-graph-api,459
sockets,445
visual-studio-2012,438
oop,434
rest,433
flash,421
cocoa-touch,420
google-chrome,420
unit-testing,406
asp.net-mvc-4,399
windows-phone-7,397
unix,395
jsf,393
date,392
web,392
variables,390
delphi,387
cakephp,384
http,379
url,379
listview,378
debugging,377
email,375
java-ee,370
sorting,370
events,366
loops,366
mod-rewrite,365
backbone.js,364
android-intent,361
spring-mvc,360
user-interface,358
winapi,355
object,347
templates,347
zend-framework,347
exception,346
firefox,344
dom,341
pointers,340
extjs,338
gwt,335
azure,334
razor,333
tomcat,333
microsoft-metro,332
xslt,330
excel-vba,326
grails,326
haskell,326
session,323
opencv,322
redirect,319
authentication,318
join,316
heroku,314
datetime,313
visual-c++,310
web-applications,309
core-data,307
silverlight,306
activerecord,305
flex,305
search,304
servlets,304
select,303
google-maps-api-3,302
pdf,298
powershell,295
caching,294
post,293
jsf-2,291
android-activity,289
file-upload,289
iframe,289
c++11,287
generics,285
math,283
layout,282
mobile,281
svn,281
button,280
ubuntu,280
opengl,277
testing,275
python-2.7,274
windows-runtime,274
design-patterns,273
javascript-events,273
stored-procedures,273
curl,271
inheritance,270
memory,270
jquery-plugins,267
animation,266
if-statement,265
audio,263
cocos2d-iphone,261
memory-management,261
gridview,260
ms-access,258
csv,255
vim,254
asp.net-web-api,253
iis,245
batch-file,243
gcc,242
for-loop,241
hadoop,241
jpa,241
primefaces,238
yii,238
selenium,236
twitter,236
xpath,236
browser,234
networking,234
ssl,234
boost,233
database-design,232
image-processing,232
asynchronous,231
numpy,231
multidimensional-array,230
xml-parsing,227
assembly,225
plugins,224
soap,224
svg,223
logging,221
jdbc,220
optimization,218
pdo,218
recursion,217
google-apps-script,216
knockout.js,215
mvvm,215
text,214
cookies,213
file-io,212
ruby-on-rails-3.2,212
dll,211
video,210
android-listview,209
ember.js,209
html-table,208
serialization,208
nhibernate,207
data-structures,206
encryption,206
canvas,205
input,205
solr,203
view,202
model-view-controller,201
deployment,200
dynamic,198
indexing,198
cuda,196
netbeans,196
drop-down-menu,195
python-3.x,195
time,195
reflection,194
joomla,193
methods,193
ant,192
github,192
drupal,191
service,189
express,188
angularjs,187
doctrine-orm,187
random,186
replace,185
version-control,185
struts2,183
opengl-es,182
sql-server-2005,182
unicode,182
jar,181
login,181
android-fragments,180
encoding,179
sharepoint,179
memory-leaks,178
scroll,178
checkbox,174
jqgrid,174
webview,174
data-binding,173
emacs,173
makefile,173
rspec,173
concurrency,172
graphics,172
nginx,172
reporting-services,172
uiview,172
xamarin.ios,172
command-line,171
google-chrome-extension,171
hyperlink,170
syntax,170
url-rewriting,169
windows-7,169
download,168
sed,166
hash,165
build,164
clojure,164
uiviewcontroller,164
matrix,162
oauth,162
vector,162
awk,161
collections,161
junit,161
xcode4.5,159
model,158
playframework-2.0,157
properties,157
io,155
autocomplete,154
android-ndk,153
exception-handling,153
ssh,153
types,153
android-emulator,152
jenkins,152
utf-8,152
arraylist,151
binding,150
playframework,150
sql-server-2008-r2,150
tcp,150
iis-7,149
map,149
casting,148
foreach,148
internet-explorer-9,148
menu,148
dictionary,147
eclipse-plugin,146
error-handling,146
filter,146
process,146
amazon-web-services,145
fonts,145
printing,145
amazon-s3,144
background,144
struct,144
blackberry,143
coffeescript,143
compiler-construction,143
django-models,143
parameters,143
xcode4,143
paypal,142
datatable,141
tfs,141
datagridview,140
internet-explorer-8,140
android-asynctask,139
compiler-errors,139
graph,139
interface,139
linux-kernel,139
entity-framework-4,138
import,138
.net-4.0,137
xsd,137
symfony-2.1,136
jquery-selectors,135
timer,135
character-encoding,134
d3.js,134
google-drive-sdk,134
linq-to-sql,134
oracle11g,134
sdk,134
upload,134
extjs4,133
ftp,133
lambda,133
ggplot2,132
header,132
static,132
go,131
mfc,131
ssis,131
stl,131
plsql,130
calendar,129
coldfusion,129
plot,129
sharepoint-2010,129
spring-security,129
charts,128
devise,128
group-by,128
drupal-7,127
reference,127
scope,127
transactions,127
compilation,126
configuration,126
facebook-like,126
https,126
tabs,126
android-widget,125
event-handling,125
intellij-idea,125
ios4,125
stream,125
constructor,124
dependency-injection,124
lucene,124
permissions,124
responsive-design,124
safari,124
jboss,123
mysqli,123
textbox,123
amazon-ec2,122
localization,122
lua,122
uiscrollview,122
uiwebview,122
architecture,121
asp-classic,121
module,121
onclick,121
phpmyadmin,121
air,120
controller,120
groovy,120
vbscript,120
include,119
oauth-2.0,119
orm,119
selenium-webdriver,119
webforms,119
proxy,118
sqlite3,118
terminal,118
youtube,118
zend-framework2,118
bitmap,117
ffmpeg,117
split,117
uiimageview,117
ef-code-first,116
insert,116
matplotlib,116
tree,116
triggers,116
iphone-5,115
applet,114
grep,114
jaxb,114
path,114
websocket,114
uibutton,113
notifications,112
visual-studio-2008,112
android-edittext,111
linker,111
popup,111
actionbarsherlock,110
ado.net,110
gem,110
linked-list,110
uinavigationcontroller,110
webserver,110
console,109
datagrid,109
dojo,109
drag-and-drop,109
f#,109
gps,109
highcharts,109
installation,109
mono,109
network-programming,109
nullpointerexception,109
osx-mountain-lion,109
routes,109
seo,109
callback,108
colors,108
crash,108
datepicker,108
google-analytics,108
mapreduce,108
sencha-touch-2,108
x86,108
xna,108
combobox,107
count,107
cron,107
get,107
javafx-2,107
rotation,107
webdriver,107
3d,106
attributes,106
camera,106
cross-browser,106
hashmap,106
nsstring,106
null,106
internationalization,105
mercurial,105
msbuild,105
webkit,105
while-loop,105
routing,104
cakephp-2.0,103
dialog,103
sinatra,103
tags,103
click,102
django-templates,102
entity-framework-5,102
merge,102
ruby-on-rails-3.1,102
swt,102
uiimage,102
widget,102
jquery-animate,101
three.js,101
vb6,101
youtube-api,101
actionscript,100
annotations,100
cursor,100
facebook-javascript-sdk,100
floating-point,100
grid,100
segmentation-fault,100
bluetooth,99
css-selectors,99
jquery-validate,99
openssl,99
java-me,98
parallel-processing,98
wix,98
enums,97
functional-programming,97
garbage-collection,97
hover,97
navigation,97
position,97
sms,97
socket.io,97
in-app-purchase,96
pagination,96
redis,96
resize,96
slider,96
android-viewpager,95
cmd,95
crystal-reports,95
fancybox,94
keyboard,94
thread-safety,94
user-controls,94
.net-4.5,93
cassandra,93
frameworks,93
google-cloud-messaging,93
jersey,93
magento-1.7,93
modal-dialog,93
namespaces,93
oracle10g,93
pandas,93
winrt-xaml,93
django-forms,92
eclipse-rcp,92
jackson,92
jtable,92
ms-word,92
timezone,92
web-config,92
bit-manipulation,91
sql-update,91
touch,91
android-actionbar,90
automatic-ref-counting,90
broadcastreceiver,90
com,90
delegates,90
extjs4.1,90
macros,90
synchronization,90
directory,89
gdb,89
resources,89
storyboard,89
sublimetext2,89
coding-style,88
jasper-reports,88
qt4,88
wordpress-plugin,88
erlang,87
ios-simulator,87
jvm,87
wso2,87
connection,86
django-views,86
dns,86
doctrine,86
focus,86
sqlalchemy,86
nosql,85
operating-system,85
passwords,85
radio-button,85
rss,85
telerik,85
centos,84
push-notification,84
rewrite,84
styles,84
udp,84
app-store,83
css-float,83
g++,83
glassfish,83
outlook,83
serial-port,83
xamarin.android,83
active-directory,82
cryptography,82
geolocation,82
httpwebrequest,82
ide,82
log4j,82
progress-bar,82
vsto,82
android-webview,81
command,81
http-headers,81
machine-learning,81
xampp,81
arm,80
elasticsearch,80
geometry,80
html5-canvas,80
listbox,80
mobile-safari,80
mongoose,80
phpunit,80
scripting,80
wsdl,80
binary,79
integer,79
request,79
tinymce,79
wordpress-theming,79
xmlhttprequest,79
comments,78
duplicates,78
foreign-keys,78
google-api,78
internet-explorer-7,78
refactoring,78
requirejs,78
sass,78
window,78
xpages,78
arguments,77
automation,77
dataframe,77
flask,77
height,77
imageview,77
joomla2.5,77
linq-to-entities,77
mocking,77
osgi,77
scheme,77
jframe,76
location,76
scipy,76
timeout,76
type-conversion,76
dynamics-crm-2011,75
html-lists,75
imagemagick,75
maps,75
return,75
shared-libraries,75
sql-server-2012,75
ssrs-2008,75
zip,75
alignment,74
db2,74
filesystems,74
html-parsing,74
icons,74
jpanel,74
mkmapview,74
sharedpreferences,74
sql-order-by,74
textview,74
tridion,74
uitabbarcontroller,74
border,73
byte,73
devexpress,73
escaping,73
formatting,73
iterator,73
mongoid,73
set,73
stack,73
textures,73
char,72
dataset,72
opengl-es-2.0,72
ldap,71
less,71
malloc,71
numbers,71
restkit,71
servicestack,71
singleton,71
smtp,71
task-parallel-library,71
websphere,71
windows-installer,71
windows-services,71
certificate,70
format,70
install,70
rubygems,70
runtime-error,70
save,70
uikit,70
uitextfield,70
boolean,69
cross-domain,69
django-admin,69
int,69
javafx,69
nested,69
package,69
submit,69
timestamp,69
append,68
awt,68
datatables,68
fluent-nhibernate,68
initialization,68
jax-ws,68
jetty,68
mapkit,68
preg-replace,68
profiling,68
repository,68
static-libraries,68
xhtml,68
base64,67
content-management-system,67
controls,67
embedded,67
jpa-2.0,67
kernel,67
memcached,67
pattern-matching,67
switch-statement,67
xmpp,67
apache2,66
field,66
jstl,66
liferay,66
media-queries,66
nsmutablearray,66
web-crawler,66
wxpython,66
anchor,65
applescript,65
bytearray,65
compression,65
continuous-integration,65
core-graphics,65
global-variables,65
iis-7.5,65
installer,65
jni,65
orientation,65
raphael,65
tfs2010,65
tomcat7,65
treeview,65
apk,64
c++-cli,64
copy,64
handlebars.js,64
hex,64
json.net,64
local-storage,64
pdf-generation,64
printf,64
subdomain,64
syntax-error,64
ckeditor,63
cmake,63
dependencies,63
ejb,63
gradle,63
jboss7.x,63
load,63
operator-overloading,63
plone,63
sql-server-ce,63
titanium,63
twig,63
xquery,63
apple-push-notifications,62
arduino,62
asp.net-membership,62
async-await,62
block,62
compare,62
delphi-xe2,62
e-commerce,62
gmail,62
lisp,62
migration,62
monodevelop,62
overflow,62
salesforce,62
streaming,62
textarea,62
themes,62
uilabel,62
apache-poi,61
html5-video,61
jsoup,61
override,61
png,61
pyqt,61
rake,61
statistics,61
toggle,61
ubuntu-12.04,61
uitextview,61
xcode4.3,61
associations,60
excel-formula,60
find,60
fork,60
google-cloud-datastore,60
many-to-many,60
maven-3,60
max,60
netbeans-7,60
row,60
shopify,60
sum,60
web-scraping,60
client,59
client-server,59
deserialization,59
firefox-addon,59
google-play,59
ip,59
kendo-ui,59
language-agnostic,59
left-join,59
ms-access-2007,59
pthreads,59
pyqt4,59
registry,59
report,59
size,59
symfony1,59
unity3d,59
xml-serialization,59
axis2,58
character,58
double,58
expression,58
full-text-search,58
haml,58
http-post,58
osx-lion,58
structure,58
andengine,57
android-camera,57
eclipselink,57
export,57
hbase,57
key,57
logic,57
pipe,57
prototype,57
queue,57
symfony-1.4,57
windows-phone-7.1,57
64bit,56
artificial-intelligence,56
css-transitions,56
cxf,56
dynamics-crm,56
interface-builder,56
linq-to-xml,56
metadata,56
pivot,56
signalr,56
special-characters,56
video-streaming,56
wpf-controls,56
android-service,55
android-sqlite,55
authorization,55
c-preprocessor,55
environment-variables,55
excel-2007,55
gpu,55
label,55
mingw,55
order,55
runtime,55
screen,55
substring,55
tcl,55
zoom,55
capybara,54
closures,54
database-connection,54
each,54
flash-builder,54
google-sheets,54
gtk,54
hide,54
jsonp,54
range,54
relational-database,54
scrollview,54
struts,54
tastypie,54
url-routing,54
.net-3.5,53
action,53
admob,53
box2d,53
comparison,53
contextmenu,53
exec,53
facebook-fql,53
jax-rs,53
mapping,53
opencl,53
single-sign-on,53
subquery,53
tornado,53
try-catch,53
usb,53
wifi,53
2d,52
background-image,52
flex4,52
font-face,52
libgdx,52
localhost,52
polymorphism,52
sencha-touch,52
version,52
webgl,52
codeigniter-2,51
cygwin,51
odbc,51
persistence,51
positioning,51
project,51
resharper,51
rvm,51
teamcity,51
width,51
z-index,51
cakephp-2.1,50
cloud,50
command-line-arguments,50
debian,50
iteration,50
kinect,50
match,50
ms-office,50
overloading,50
ssl-certificate,50
activex,49
android-contentprovider,49
android-linearlayout,49
asset-pipeline,49
cgi,49
clickonce,49
components,49
couchdb,49
facebook-ios-sdk,49
gorm,49
locking,49
nlp,49
out-of-memory,49
push,49
scrollbar,49
silverlight-5.0,49
simplexml,49
spring-webflow,49
this,49
tkinter,49
umbraco,49
visual-studio-2005,49
windows-phone,49
wso2esb,49
android-4.0-ice-cream-sandwich,48
classpath,48
computer-vision,48
cucumber,48
eval,48
fortran,48
hook,48
instagram,48
itext,48
jbutton,48
jpeg,48
mpmovieplayercontroller,48
ms-access-2010,48
preg-match,48
query-string,48
rabbitmq,48
tooltip,48
tridion-2011,48
xslt-1.0,48
zend-form,48
android-view,47
asp.net-ajax,47
editor,47
embed,47
entity,47
fragment,47
fullscreen,47
locale,47
media-player,47
nsurlconnection,47
selection,47
smarty,47
uistoryboard,47
wicket,47
android-mediaplayer,46
asp.net-mvc-routing,46
azure-sql-database,46
core-animation,46
directx,46
driver,46
filtering,46
fullcalendar,46
listener,46
mouseevent,46
ninject,46
nsdictionary,46
octave,46
operators,46
phonegap-plugins,46
postgresql-9.1,46
retina-display,46
schema,46
signals,46
slideshow,46
uigesturerecognizer,46
activeadmin,45
clang,45
concatenation,45
drawing,45
external,45
folder,45
pyramid,45
refresh,45
richfaces,45
sas,45
session-variables,45
spinner,45
tortoisesvn,45
uinavigationbar,45
warnings,45
android-mapview,44
apache-pig,44
conditional,44
css-position,44
custom-controls,44
dropbox,44
footer,44
grand-central-dispatch,44
iis-6,44
inversion-of-control,44
maven-2,44
nfc,44
nsarray,44
overlay,44
parameter-passing,44
parent-child,44
quartz-scheduler,44
silverlight-4.0,44
sitecore,44
stylesheet,44
tableview,44
tdd,44
underscore.js,44
windows-server-2008,44
xcode4.2,44
xcode4.4,44
access-vba,43
alert,43
amazon,43
android-arrayadapter,43
android-canvas,43
android-imageview,43
android-manifest,43
buffer,43
connection-string,43
echo,43
forms-authentication,43
google-visualization,43
greasemonkey,43
guava,43
javamail,43
jms,43
lazy-loading,43
mockito,43
moq,43
multiprocessing,43
opengraph,43
openlayers,43
plist,43
python-imaging-library,43
sdl,43
sonarqube,43
uiimagepickercontroller,43
uri,43
wamp,43
admin,42
binary-tree,42
bundler,42
case,42
converter,42
customization,42
drawable,42
element,42
excel-2010,42
gzip,42
hql,42
nunit,42
pip,42
posix,42
processing,42
scheduled-tasks,42
storage,42
task,42
titanium-mobile,42
undefined,42
updatepanel,42
updates,42
webbrowser-control,42
adb,41
adobe,41
akka,41
alarmmanager,41
app-config,41
asp.net-mvc-2,41
backup,41
branch,41
browser-cache,41
bundle,41
const,41
decimal,41
google-plus,41
handler,41
jruby,41
line,41
manifest,41
mootools,41
mouse,41
opencart,41
orchardcms,41
primary-key,41
query-optimization,41
sbt,41
share,41
subclass,41
wcf-data-services,41
weblogic,41
windows-xp,41
winjs,41
.net-assembly,40
android-spinner,40
cloudfoundry,40
cocos2d-x,40
console-application,40
documentation,40
elisp,40
facebook-opengraph,40
fosuserbundle,40
frame,40
httpclient,40
jfreechart,40
keyboard-shortcuts,40
metaprogramming,40
meteor,40
neo4j,40
nhibernate-mapping,40
padding,40
richtextbox,40
root,40
rsa,40
settings,40
spotify,40
subprocess,40
tfs2012,40
adapter,39
adt,39
aes,39
android-animation,39
apache-camel,39
boost-asio,39
celery,39
dos,39
entity-framework-4.1,39
google-bigquery,39
grouping,39
http-status-code-404,39
httpresponse,39
inner-join,39
loading,39
mime-types,39
nsis,39
oledb,39
opera,39
port,39
powershell-v2.0,39
prolog,39
registration,39
relativelayout,39
rendering,39
replication,39
selector,39
sync,39
thumbnails,39
trigger.io,39
wxwidgets,39
activemq,38
afnetworking,38
android-tabhost,38
ascii,38
avfoundation,38
beautifulsoup,38
bind,38
call,38
classloader,38
common-lisp,38
composer-php,38
constants,38
contacts,38
coordinates,38
cross-platform,38
font-size,38
function-pointers,38
gallery,38
game-center,38
glassfish-3,38
google-chrome-devtools,38
google-maps-markers,38
html-email,38
imap,38
instance,38
ipc,38
javabeans,38
jinja2,38
jquery-ui-datepicker,38
kml,38
linux-device-driver,38
markdown,38
newline,38
nsdate,38
objective-c-blocks,38
opacity,38
openid,38
paperclip,38
powerpoint,38
prepared-statement,38
qml,38
rally,38
screenshot,38
settimeout,38
system,38
tuples,38
uml,38
wildcard,38
windows-store-apps,38
wmi,38
asp.net-4.0,37
blob,37
center,37
cloudbees,37
distinct,37
esb,37
facelets,37
itextsharp,37
limit,37
nokogiri,37
outlook-addin,37
playframework-1.x,37
real-time,37
scale,37
search-engine,37
sprite,37
text-files,37
time-complexity,37
tomcat6,37
transition,37
typo3,37
union,37
unique,37
valgrind,37
watir,37
webmatrix,37
websphere-7,37
wpfdatagrid,37
z3,37
automapper,36
backgroundworker,36
categories,36
clone,36
clr,36
compass-sass,36
delphi-7,36
distance,36
dreamweaver,36
eclipse-cdt,36
fadein,36
flex3,36
gson,36
inline,36
inputstream,36
jmeter,36
jodatime,36
panel,36
pug,36
repeater,36
std,36
versioning,36
virtualenv,36
wolfram-mathematica,36
yaml,36
add,35
android-4.2-jelly-bean,35
automated-tests,35
code-coverage,35
command-line-interface,35
compatibility,35
connect,35
core-plot,35
cpu,35
datasource,35
drupal-6,35
emulation,35
facebook-php-sdk,35
gd,35
gnuplot,35
hosting,35
javadoc,35
jscrollpane,35
marshalling,35
netty,35
nsdata,35
ocaml,35
odata,35
openmp,35
prism,35
protocol-buffers,35
return-value,35
ssas,35
threadpool,35
title,35
tumblr,35
ajaxcontroltoolkit,34
azure-storage,34
big-o,34
carousel,34
chat,34
containers,34
core-audio,34
diff,34
domain-driven-design,34
firebug,34
game-engine,34
google-places-api,34
homebrew,34
html-select,34
httprequest,34
interrupt,34
itunesconnect,34
java-7,34
jquery-ui-sortable,34
laravel,34
linkedin,34
load-balancing,34
lotus-notes,34
magento-1.6,34
margin,34
mips,34
nuget,34
omniauth,34
permutation,34
programming-languages,34
pydev,34
rspec-rails,34
segue,34
session-cookies,34
tfsbuild,34
transform,34
uialertview,34
variable-assignment,34
views,34
war,34
webpage,34
asmx,33
assets,33
background-color,33
capistrano,33
client-side,33
collision-detection,33
colorbox,33
complexity-theory,33
cordova-2.0.0,33
dart,33
data-annotations,33
decorator,33
heap,33
ios6-maps,33
jquery-masonry,33
jtextfield,33
junit4,33
message,33
openerp,33
passenger,33
scanf,33
sybase,33
abstract-class,32
alertdialog,32
android-button,32
android-image,32
autolayout,32
avaudioplayer,32
c++builder,32
cluster-analysis,32
code-behind,32
corona,32
cors,32
data.table,32
eclipse-juno,32
factory-bot,32
gpgpu,32
hashtable,32
href,32
ibm-mq,32
integration,32
layout-manager,32
lightbox,32
onclicklistener,32
openxml,32
paint,32
propel,32
qt-creator,32
scrapy,32
show-hide,32
signal-processing,32
simple-form,32
surfaceview,32
system-calls,32
vertical-alignment,32
virtual,32
webcam,32
windows-ce,32
windows-server-2008-r2,32
workflow,32
aggregate-functions,31
android-contacts,31
castle-windsor,31
code-generation,31
dbcontext,31
embedded-linux,31
flex4.5,31
fopen,31
glsl,31
grails-2.0,31
hive,31
java-web-start,31
kineticjs,31
liferay-6,31
open-source,31
paging,31
partial-views,31
shader,31
solaris,31
store,31
time-series,31
transparency,31
voip,31
whitespace,31
xib,31
xslt-2.0,31
alfresco,30
android-textview,30
armv7,30
asihttprequest,30
bar-chart,30
cakephp-1.3,30
calayer,30
carrierwave,30
coldfusion-9,30
compact-framework,30
custom-post-type,30
draggable,30
el,30
embedded-resource,30
ember-data,30
emgucv,30
equals,30
exe,30
extract,30
game-physics,30
google-docs-api,30
hsqldb,30
html-agility-pack,30
html-form,30
hudson,30
ios5.1,30
jasmine,30
jlabel,30
jquery-autocomplete,30
libraries,30
master-pages,30
maven-plugin,30
mef,30
naming-conventions,30
nested-attributes,30
neural-network,30
notepad++,30
nspredicate,30
paypal-ipn,30
pinvoke,30
portlet,30
render,30
response,30
rgb,30
rmi,30
rounding,30
show,30
sphinx,30
unity-container,30
user-input,30
vb.net-2010,30
virtual-machine,30
workflow-foundation-4,30
wso2carbon,30
accordion,29
augmented-reality,29
bing-maps,29
cakephp-2.2,29
captcha,29
database-schema,29
date-format,29
device,29
dotnetnuke,29
foursquare,29
hierarchy,29
in-app-billing,29
installshield,29
ireport,29
jekyll,29
jquery-ui-autocomplete,29
jquery-ui-dialog,29
libcurl,29
linker-errors,29
llvm,29
local,29
native,29
noclassdeffounderror,29
nsdateformatter,29
office-interop,29
operator-keyword,29
performance-testing,29
phpexcel,29
postback,29
product,29
ravendb,29
setinterval,29
sftp,29
sparse-matrix,29
spring-roo,29
ssms,29
stack-overflow,29
swig,29
symfony-forms,29
toast,29
typedef,29
urllib2,29
viewmodel,29
virtualbox,29
wget,29
access-token,28
actionlistener,28
android-orientation,28
android-ui,28
android-xml,28
atomic,28
audio-streaming,28
breakpoints,28
cdi,28
cell,28
code-injection,28
combinations,28
commit,28
config,28
datatemplate,28
default,28
delay,28
dotnetopenauth,28
draw,28
expressionengine,28
flot,28
gis,28
icloud,28
innodb,28
ipython,28
log4net,28
mdx,28
media,28
models,28
move,28
mpi,28
mstest,28
normalization,28
nsfetchedresultscontroller,28
nsmanagedobject,28
nsuserdefaults,28
obfuscation,28
onchange,28
one-to-many,28
paypal-sandbox,28
perforce,28
postgis,28
pymongo,28
resolution,28
server-side,28
sip,28
stdout,28
vcl,28
visual-studio-lightswitch,28
wysiwyg,28
android-resources,27
android-sdcard,27
antlr,27
audio-recording,27
background-process,27
c#-3.0,27
code-first,27
code-signing,27
crm,27
crontab,27
d,27
drupal-views,27
erb,27
expandablelistview,27
fancybox-2,27
firefox-addon-sdk,27
fixed,27
httpurlconnection,27
image-resizing,27
inno-setup,27
interop,27
jndi,27
jqplot,27
latex,27
licensing,27
md5,27
mediawiki,27
monitoring,27
mouseover,27
mp3,27
nasm,27
nstableview,27
pom.xml,27
python-requests,27
racket,27
rename,27
reporting,27
sandbox,27
shared-ptr,27
sitecore6,27
soapui,27
speech-recognition,27
sql-server-2000,27
syntax-highlighting,27
telerik-mvc,27
translation,27
twitter-oauth,27
uicollectionview,27
uitabbar,27
uiviewanimation,27
upgrade,27
virtualhost,27
web-deployment,27
webclient,27
windows-mobile,27
yui,27
zsh,27
average,26
calculator,26
cluster-computing,26
constraints,26
cpanel,26
deadlock,26
decode,26
dependency-properties,26
digital-signature,26
exchange-server,26
export-to-excel,26
extension-methods,26
fade,26
generator,26
git-submodules,26
hardware,26
hdfs,26
ienumerable,26
iis-express,26
java-ee-6,26
java.util.scanner,26
javascript-framework,26
jface,26
joomla1.5,26
jstree,26
knockout-mapping-plugin,26
lxml,26
mamp,26
mod-wsgi,26
mule,26
relationship,26
reportviewer,26
space,26
splash-screen,26
spring-data,26
uipickerview,26
vaadin,26
viewport,26
watir-webdriver,26
xml-rpc,26
zxing,26
addclass,25
alias,25
android-dialog,25
aspectj,25
binary-search-tree,25
biztalk,25
blogs,25
box-api,25
bufferedimage,25
connection-pooling,25
crop,25
currency,25
ejb-3.0,25
entity-relationship,25
exc-bad-access,25
fabric,25
ghc,25
google-fusion-tables,25
guice,25
hibernate-mapping,25
infragistics,25
javac,25
jquery-ui-draggable,25
logout,25
mechanize,25
mkannotation,25
multi-select,25
mysqldump,25
nio,25
nopcommerce,25
onload,25
pass-by-reference,25
pear,25
photo,25
proguard,25
projects-and-solutions,25
protobuf-net,25
redmine,25
ribbon,25
rpc,25
sax,25
send,25
soundcloud,25
sql-like,25
string-formatting,25
sugarcrm,25
system.reactive,25
tokenize,25
uikeyboard,25
video-capture,25
wrapper,25
accessibility,24
add-in,24
android-alertdialog,24
android-custom-view,24
auto-increment,24
autofac,24
build-process,24
clearcase,24
desktop-application,24
expect,24
geocoding,24
geospatial,24
getjson,24
google-analytics-api,24
html5-audio,24
icalendar,24
implementation,24
instruments,24
ip-address,24
jailbreak,24
jira,24
jslint,24
jython,24
kerberos,24
ksoap2,24
npm,24
observablecollection,24
outlook-2010,24
payment,24
polygon,24
pygame,24
resque,24
rows,24
scheduler,24
screen-scraping,24
simulator,24
sparql,24
spreadsheet,24
spring-3,24
standards,24
subscription,24
testng,24
uiinterfaceorientation,24
uipopovercontroller,24
uisearchbar,24
vectorization,24
web.xml,24
where-clause,24
windows-applications,24
windows-forms-designer,24
accelerometer,23
achartengine,23
amazon-dynamodb,23
analytics,23
android-gridview,23
anonymous-function,23
aop,23
asterisk,23
axis,23
azure-web-roles,23
code-first-migrations,23
condition,23
contains,23
cross-compiling,23
css-tables,23
dao,23
delphi-xe,23
derby,23
drupal-modules,23
explode,23
facebook-apps,23
facebook-c#-sdk,23
feed,23
fetch,23
firebird,23
form-submit,23
gamekit,23
ghostscript,23
html-helper,23
immutability,23
indentation,23
integration-testing,23
intellisense,23
interpolation,23
itunes,23
kernel-module,23
logcat,23
marionette,23
mediaelement.js,23
meta-tags,23
mongodb-.net-driver,23
multiple-columns,23
mybatis,23
nodes,23
nsmanagedobjectcontext,23
nvidia,23
offline,23
option,23
password-protection,23
perl-module,23
pixel,23
profile,23
protocols,23
publish,23
qr-code,23
remote-access,23
router,23
runnable,23
sd-card,23
selenium-ide,23
slide,23
smartgwt,23
stack-trace,23
stdvector,23
tabbar,23
telerik-grid,23
toolbar,23
twisted,23
uibarbuttonitem,23
uisplitviewcontroller,23
vhdl,23
windows-7-x64,23
windows-server-2003,23
x11,23
.net-2.0,22
acl,22
android-lifecycle,22
android-softkeyboard,22
appcelerator,22
appdelegate,22
avd,22
aviarc,22
axapta,22
bdd,22
cllocationmanager,22
counter,22
declaration,22
drools,22
encode,22
enterprise-library,22
expression-blend,22
facebook-access-token,22
filenames,22
free,22
git-push,22
git-svn,22
google-apps,22
google-calendar-api,22
gradient,22
hlsl,22
imagebutton,22
internet-explorer-10,22
jenkins-plugins,22
jmx,22
jquery-deferred,22
jsf-1.2,22
key-bindings,22
lex,22
long-integer,22
mkannotationview,22
mustache,22
mysql-python,22
nsmutabledictionary,22
percentage,22
plpgsql,22
plyr,22
rack,22
record,22
remote-debugging,22
resultset,22
scikit-learn,22
selenium-rc,22
sendmail,22
sequence,22
shape,22
static-methods,22
stdin,22
volume,22
wcf-security,22
windows-authentication,22
windows-store,22
wkhtmltopdf,22
x509certificate,22
zeromq,22
32bit-64bit,21
actor,21
alpha,21
android-context,21
android-ksoap2,21
android-listfragment,21
associative-array,21
attachment,21
bioinformatics,21
bison,21
build-automation,21
chef,21
codeblocks,21
criteria,21
cvs,21
daemon,21
datanucleus,21
delimiter,21
destructor,21
distribution,21
django-queryset,21
django-urls,21
edit,21
ehcache,21
expression-trees,21
facebook-comments,21
facebook-page,21
filepath,21
foreign-key-relationship,21
fstream,21
galaxy,21
getelementbyid,21
gif,21
header-files,21
indexeddb,21
infinite-loop,21
jquery-isotope,21
jsfiddle,21
jtree,21
live,21
look-and-feel,21
lucene.net,21
microcontroller,21
mongodb-query,21
multi-touch,21
mvvm-light,21
nltk,21
ocr,21
ontouchlistener,21
parent,21
payment-gateway,21
physics,21
rdf,21
rdlc,21
reload,21
resteasy,21
restsharp,21
reverse-engineering,21
reverse-proxy,21
scalability,21
semaphore,21
sitemap,21
sleep,21
sublimetext,21
telnet,21
token,21
transformation,21
typeerror,21
uipageviewcontroller,21
uislider,21
user-defined-functions,21
velocity,21
wampserver,21
wav,21
wcf-ria-services,21
webfonts,21
where,21
x86-64,21
xss,21
zlib,21
